Model,Train Acc,Val Acc,Val Precision,Val Recall,Val F1,Train Time
Random Forest,1.0,1.0,1.0,1.0,1.0,0.19697141647338867
XGBoost,1.0,1.0,1.0,1.0,1.0,0.0833122730255127
LightGBM,1.0,1.0,1.0,1.0,1.0,1.889115571975708
CatBoost,1.0,1.0,1.0,1.0,1.0,0.5257716178894043
Gradient Boosting,1.0,1.0,1.0,1.0,1.0,0.5204505920410156
Extra Trees,1.0,1.0,1.0,1.0,1.0,0.19442176818847656
AdaBoost,0.9679934345506771,0.9698461538461538,0.9637426900584796,0.9786223277909739,0.9711255156157925,0.31862545013427734
